<?xml version="1.0" encoding="UTF-8" standalone="yes"?>
<addon id="plugin.video.snadezh" name="[B][COLOR gold]_Snadezh_[/COLOR][/B]" version="5.1.9" provider-name="[COLOR gold]KavaN[/COLOR]">
  <requires>
    <import addon="xbmc.python" version="2.1.0"/>
    <import addon="script.common.plugin.cache" version="2.5.5"/>
    <import addon="script.module.beautifulsoup" version="3.2.1"/>
    <import addon="script.module.simple.downloader" version="0.9.4"/>
    <import addon="script.module.beautifulsoup4" />
    <import addon="script.module.requests" />
    <import addon="script.module.httplib2" />
    <import addon="script.module.youtube.dl" optional="true"/>
    <import addon="plugin.video.youtube" version="5.4.5"/>
    <import addon="script.module.simplejson" />    
    <import addon="script.module.livestreamer" optional="true"/>
    <import addon="script.module.pyamf" optional="true"/>
    <import addon="script.module.vip.nettv" version="2.0"/>
    <import addon="script.module.urlresolver" version="4.0.12"/>
    <import addon="plugin.video.f4mTester" version="2.7.1"/>
  </requires>
  <extension point="xbmc.python.pluginsource" library="default.py">
    <provides>video</provides>
  </extension>
  <extension point="xbmc.addon.metadata">
     <summary lang="en">Kurdish and Persian  Live TV Channels + Movies And Series...</summary>
    <description lang="en">
	
	</description>
    <platform>all</platform>
  </extension>
</addon>